{
  "bars": 4969,
  "trades": 491,
  "avg_position": 0.21674381163211914,
  "hit_rate": 0.5376044568245125,
  "total_return": 0.1644300600424753,
  "max_drawdown": -0.057799174637068185,
  "sharpe_like": 17.89176811374701
}