{
  "feature_columns": [
    "ret_1",
    "ret_fast",
    "ret_slow",
    "range_pct",
    "body_pct",
    "volume_z",
    "volatility",
    "volatility_z",
    "ema_gap_pct",
    "distance_fast_ema",
    "breakout_fast",
    "breakout_slow",
    "drawdown_fast"
  ],
  "means": [
    -1.5778254237375222e-05,
    -5.017641160520725e-05,
    -0.0002145408361684531,
    0.0040228888392448425,
    -1.5778254237375222e-05,
    -0.0014832195593044162,
    0.002424050122499466,
    -0.018958477303385735,
    -0.00010797650611493737,
    -2.304004374309443e-05,
    -0.003788588335737586,
    -0.007747889030724764,
    0.0038371318951249123
  ],
  "stds": [
    0.002583464840427041,
    0.004450093489140272,
    0.008738619275391102,
    0.004208093974739313,
    0.002583464840427041,
    0.9738386869430542,
    0.0008962650317698717,
    1.395422101020813,
    0.0029824150260537863,
    0.0014885851414874196,
    0.00392857426777482,
    0.0067583117634058,
    0.003608645871281624
  ]
}