{
  "rows": 4969,
  "train_rows": 3975,
  "valid_rows": 994,
  "class_balance": {
    "0": 0.38619440531294025,
    "1": 0.24069229221171262,
    "2": 0.37311330247534713
  },
  "final_metrics": {
    "epoch": 30,
    "train_loss": 1.052511714398861,
    "valid_accuracy": 0.3812877263581489,
    "long_precision": 0.3333333333333333,
    "short_precision": 0.4436781609195402,
    "active_rate": 0.9989939637826962
  }
}